{
  "sliit malabe, malabe, sri lanka": [
    6.9143498,
    79.972684
  ],
  "colombo, sri lanka": [
    6.9388614,
    79.8542005
  ],
  "nawaloka hospital, colombo, sri lanka": [
    6.9207188,
    79.8535879
  ],
  "maharagama": [
    6.8472783,
    79.9266082
  ],
  "hemas hospital, thalawathugoda, sri lanka": [
    6.8784073,
    79.9353235
  ],
  "kottawa": [
    6.8430139,
    79.9655312
  ],
  "ninewells hospital, sri lanka": [
    6.8950584,
    79.8826074
  ],
  "homagama": [
    6.8412384,
    80.0034457
  ],
  "durdans hospital, sri lanka": [
    6.9022503,
    79.8533811
  ],
  "ratnapura": [
    6.5795685,
    80.588223
  ],
  "kings hospital colombo": [
    6.8951925,
    79.8793481
  ]
}